CUSTOMER_CODE,DISTANCE_KM,TIME_DISTANCE_MIN,DEPOT_CODE,CUSTOMER_LATITUDE,CUSTOMER_LONGITUDE,CUSTOMER_TIME_WINDOW_FROM_MIN,CUSTOMER_TIME_WINDOW_TO_MIN,CUSTOMER_DELIVERY_SERVICE_TIME_MIN,TOTAL_WEIGHT_KG,a,b,d
1584,116.997,134.343,1000.0,42.72028,18.35786,481.0,961.0,20.0,62.533,481.0,961.0,20.0
145214,21.084,22.77,1000.0,43.35020399,17.79493519,481.0,961.0,8.79,18.806,481.0,961.0,8.79
10825,23.633,27.291,1000.0,43.36369616,17.8181746,481.0,961.0,10.35,15.429162,481.0,961.0,10.35
15251,21.047,23.474,1000.0,43.34646,17.79313,480.0,840.0,14.5,48.2051535,480.0,840.0,14.5
922805,45.701,50.325,1000.0,43.111334,17.699419,481.0,961.0,8.52,0.98,481.0,961.0,8.52
138642,125.617,130.636,1000.0,44.05173,17.43951,481.0,961.0,10.27,118.02,481.0,961.0,10.27
922197,44.848,49.5,1000.0,43.117092,17.697722,481.0,961.0,11.2,23.21,481.0,961.0,11.2
10821,28.23,34.122,1000.0,43.3814385,17.86956573,481.0,961.0,8.76,7.902,481.0,961.0,8.76
1676,46.32,50.941,1000.0,43.1094,17.70362,481.0,961.0,8.26,0.598,481.0,961.0,8.26
7552,31.714,35.794,1000.0,43.195593,17.676524,480.0,840.0,9.66,32.67705,480.0,840.0,9.66
131279,99.626,102.498,1000.0,43.82316,17.00823,481.0,961.0,17.66,95.4,481.0,961.0,17.66
454,33.116,34.771,1000.0,43.48189308,17.30045863,481.0,961.0,18.18,364.289,481.0,961.0,18.18
441,19.494,26.356,1000.0,43.29506012,17.76315952,481.0,961.0,15.42,41.977,481.0,961.0,15.42
921523,20.026,26.84,1000.0,43.29054,17.760627,481.0,961.0,8.8,2.3352,481.0,961.0,8.8
922848,32.768,31.43,1000.0,43.41633743,17.29287154,481.0,961.0,11.0,3.213,481.0,961.0,11.0
1031,125.818,130.922,1000.0,44.05528662,17.44944653,480.0,840.0,14.79,62.259,480.0,840.0,14.79
168,63.32,65.351,1000.0,43.70264,17.21033,481.0,961.0,28.93,319.615,481.0,961.0,28.93
922090,132.918,140.349,1000.0,44.14458972,17.39382312,480.0,840.0,11.44,28.543,480.0,840.0,11.44
136403,70.08,73.04,1000.0,43.72753544,17.27353865,481.0,961.0,10.8,42.986,481.0,961.0,10.8
139148,49.628,51.271,1000.0,43.60664,17.27103,481.0,961.0,11.72,35.4524625,481.0,961.0,11.72
139172,22.23,23.518,1000.0,43.3784,17.40724,481.0,961.0,8.4,34.608,481.0,961.0,8.4
15025,41.062,44.946,1000.0,43.19769,17.5463,480.0,900.0,11.83,23.997,480.0,900.0,11.83
136524,28.242,29.92,1000.0,43.3987235,17.34308833,481.0,961.0,15.82,40.295535,481.0,961.0,15.82
744,30.301,33.968,1000.0,43.20674,17.6682,480.0,840.0,21.6,285.648,480.0,840.0,21.6
133394,48.211,55.165,1000.0,43.13381,17.77357,481.0,961.0,8.64,6.233,481.0,961.0,8.64
992,116.633,124.432,1000.0,42.87157,18.43223,481.0,961.0,9.84,75.81,481.0,961.0,9.84
923686,2.898,5.544,1000.0,43.386123,17.581203,481.0,961.0,20.0,51.238,481.0,961.0,20.0
144863,21.067,22.726,1000.0,43.35046,17.79582,481.0,961.0,10.31,2.29845,481.0,961.0,10.31
140023,31.351,32.923,1000.0,43.46984,17.32242,481.0,961.0,10.54,87.056,481.0,961.0,10.54
143349,28.688,36.432,1000.0,43.22587009,17.69327508,481.0,961.0,14.06,63.649,481.0,961.0,14.06
920968,22.801,25.916,1000.0,43.35491764,17.81399424,481.0,961.0,11.21,7.35966,481.0,961.0,11.21
10538,65.411,67.309,1000.0,43.71415,17.23875,481.0,961.0,15.92,283.201,481.0,961.0,15.92
922911,71.911,74.459,1000.0,43.763243,17.230827,481.0,961.0,8.19,13.02,481.0,961.0,8.19
921861,56.993,60.005,1000.0,43.082231599838,17.959783126123,481.0,961.0,10.04,9.6201,481.0,961.0,10.04
131456,2.891,3.773,1000.0,43.38069,17.58241,480.0,840.0,15.0,8.432,480.0,840.0,15.0
9,57.577,60.423,1000.0,43.25479,18.11055,481.0,961.0,10.55,32.02,481.0,961.0,10.55
922327,20.19,21.197,1000.0,43.345545,17.799215,481.0,961.0,12.93,46.6,481.0,961.0,12.93
15021,20.408,21.571,1000.0,43.34601,17.80105,480.0,900.0,25.04,77.069,480.0,900.0,25.04
923737,62.786,69.476,1000.0,43.70319,17.282785,481.0,961.0,8.81,17.35356,481.0,961.0,8.81
140812,125.447,130.383,1000.0,44.05159,17.44171,480.0,840.0,11.8,21.754,480.0,840.0,11.8
144394,46.408,51.634,1000.0,43.11415665,17.71312219,481.0,961.0,15.0,19.911,481.0,961.0,15.0
131252,31.653,35.662,1000.0,43.19626128,17.67544055,480.0,900.0,25.19,198.37,480.0,900.0,25.19
1686,2.218,3.608,1000.0,43.38225,17.59335,481.0,961.0,17.78,43.329,481.0,961.0,17.78
1096,11.174,12.045,1000.0,43.39015,17.48427,481.0,961.0,8.15,11.089,481.0,961.0,8.15
1653,65.89,67.969,1000.0,43.71704,17.23412,481.0,961.0,10.4,76.23,481.0,961.0,10.4
922014,4.047,4.994,1000.0,43.363114,17.634783,480.0,900.0,7.81,4.536,480.0,900.0,7.81
139381,120.193,128.821,1000.0,43.87597,16.7711,481.0,961.0,8.63,4.534,481.0,961.0,8.63
1805,1.921,3.212,1000.0,43.38176,17.59155,481.0,961.0,13.32,172.647,481.0,961.0,13.32
142559,1.807,3.058,1000.0,43.38239,17.59165,481.0,961.0,8.26,0.667,481.0,961.0,8.26
140493,5.248,6.05,1000.0,43.37811,17.55401,481.0,961.0,8.32,3.255,481.0,961.0,8.32
739,39.269,41.987,1000.0,43.20614682,17.78742814,480.0,840.0,9.6,12.778248,480.0,840.0,9.6
923634,109.904,113.993,1000.0,43.158646,18.547353,481.0,961.0,11.34,34.82031,481.0,961.0,11.34
1587,46.714,52.096,1000.0,43.11185,17.71222,480.0,900.0,9.87,112.476,480.0,900.0,9.87
131469,46.361,51.26,1000.0,43.10913847,17.69950533,481.0,961.0,9.47,17.8185,481.0,961.0,9.47
138954,31.78,35.508,1000.0,43.19723114,17.66911054,481.0,961.0,10.24,15.228,481.0,961.0,10.24
135579,22.084,24.167,1000.0,43.34296,17.81269,480.0,840.0,11.5,92.635,480.0,840.0,11.5
131332,65.013,67.166,1000.0,43.71489,17.22924,480.0,900.0,7.77,0.617,480.0,900.0,7.77
7929,46.531,51.458,1000.0,43.11665,17.71322,480.0,840.0,33.99,167.316,480.0,840.0,33.99
922334,28.979,37.29,1000.0,43.224819,17.695885,481.0,961.0,7.87,6.294,481.0,961.0,7.87
145260,125.748,131.01,1000.0,44.05475049,17.44977762,480.0,840.0,20.58,133.04,480.0,840.0,20.58
2198,47.422,54.604,1000.0,43.13654,17.78489,481.0,961.0,8.12,12.6,481.0,961.0,8.12
131269,126.358,131.637,1000.0,44.04766052,17.45128327,480.0,840.0,19.8,89.641,480.0,840.0,19.8
920348,3.023,4.939,1000.0,43.38893651,17.58360414,481.0,961.0,17.28,52.57,481.0,961.0,17.28
131742,116.684,112.85,1000.0,42.8691,18.42558,481.0,961.0,17.5,37.681,481.0,961.0,17.5
132531,19.963,21.417,1000.0,43.33978,17.80215,480.0,900.0,16.74,94.701,480.0,900.0,16.74
142178,56.396,59.631,1000.0,43.08198,17.95363,481.0,961.0,8.78,37.45875,481.0,961.0,8.78
140114,107.439,111.474,1000.0,43.16738,18.52954,481.0,961.0,9.03,1.442,481.0,961.0,9.03
923591,21.923,25.993,1000.0,43.3418,17.81349,481.0,961.0,8.23,11.34,481.0,961.0,8.23
131473,20.503,22.649,1000.0,43.34062,17.80757,481.0,961.0,8.78,1.3335,481.0,961.0,8.78
990,22.503,25.278,1000.0,43.3552,17.81367,480.0,900.0,9.35,36.879,480.0,900.0,9.35
921709,21.456,22.484,1000.0,43.344435,17.807686666666,481.0,961.0,8.36,3.6855,481.0,961.0,8.36
320,113.23,120.428,1000.0,42.89103,18.41611,481.0,961.0,10.44,55.481034,481.0,961.0,10.44
142318,78.902,80.993,1000.0,43.68816,17.07979,481.0,961.0,12.75,29.25153,481.0,961.0,12.75
239,21.131,22.638,1000.0,43.36807958,17.42099577,481.0,961.0,9.6,54.0771,481.0,961.0,9.6
136298,25.638,33.803,1000.0,43.26075425,17.69947314,480.0,900.0,11.96,21.241,480.0,900.0,11.96
139709,34.105,35.838,1000.0,43.42178,17.27912,481.0,961.0,33.32,395.475,481.0,961.0,33.32
7935,56.861,59.752,1000.0,43.083,17.95873,480.0,840.0,12.61,33.493,480.0,840.0,12.61
923731,27.985,35.695,1000.0,43.22871,17.701516,481.0,961.0,14.71,66.811,481.0,961.0,14.71
1112,46.118,51.095,1000.0,43.11149604,17.70197296,480.0,840.0,11.59,32.4933,480.0,840.0,11.59
139007,21.399,22.99,1000.0,43.34938,17.80456,480.0,840.0,62.23,604.972,480.0,840.0,62.23
923716,51.954,58.96,1000.0,43.135148,17.832879,481.0,961.0,12.65,25.886616,481.0,961.0,12.65
1075,99.684,106.975,1000.0,42.90571,17.63831,481.0,961.0,8.69,8.776572,481.0,961.0,8.69
136700,49.326,54.395,1000.0,43.08876243,17.71949315,481.0,961.0,11.27,27.956166,481.0,961.0,11.27
139097,46.445,50.523,1000.0,43.19142743,17.49985242,480.0,900.0,15.0,11.773,480.0,900.0,15.0
371,21.426,23.276,1000.0,43.35337,17.79343,481.0,961.0,8.79,2.2113,481.0,961.0,8.79
136040,67.829,72.666,1000.0,43.66250651,17.75966221,481.0,961.0,7.79,1.858,481.0,961.0,7.79
142873,126.395,131.307,1000.0,44.04466,17.45082,480.0,840.0,31.57,197.487,480.0,840.0,31.57
136886,26.35,30.94,1000.0,43.24165581,17.70664001,481.0,961.0,13.5,9.0657,481.0,961.0,13.5
920707,20.308,21.505,1000.0,43.344521666666,17.800555,481.0,961.0,12.99,22.806504,481.0,961.0,12.99
922852,32.598,37.73,1000.0,43.18916,17.67864,481.0,961.0,8.33,4.44339,481.0,961.0,8.33
922004,10.457,11.319,1000.0,43.38719,17.49213,481.0,961.0,9.17,8.8704,481.0,961.0,9.17
921663,30.869,34.826,1000.0,43.408098333333,17.871271666666,481.0,961.0,9.17,6.458,481.0,961.0,9.17
1178,39.799,43.494,1000.0,43.19608921,17.56051326,481.0,961.0,12.37,47.76072,481.0,961.0,12.37
15022,22.027,23.606,1000.0,43.3444,17.81322,480.0,900.0,15.0,6.157,480.0,900.0,15.0
920631,33.594,39.93,1000.0,43.18446,17.68763,481.0,961.0,10.17,38.51862,481.0,961.0,10.17
136590,115.773,132.209,1000.0,42.7104,18.3512,481.0,961.0,10.0,0.733,481.0,961.0,10.0
140401,23.401,26.84,1000.0,43.35868,17.81705,481.0,961.0,11.58,12.497457,481.0,961.0,11.58
137731,23.785,27.665,1000.0,43.36458,17.82233,480.0,900.0,95.85,1358.801,480.0,900.0,95.85
838,73.251,89.177,1000.0,43.61349822,16.99472838,480.0,900.0,13.64,73.351,480.0,900.0,13.64
141810,33.575,39.886,1000.0,43.18459,17.68755,481.0,961.0,9.55,33.4971,481.0,961.0,9.55
921035,30.63,31.977,1000.0,43.47431317,17.32787704,481.0,961.0,9.76,35.898408,481.0,961.0,9.76
15031,99.976,102.795,1000.0,43.82201,16.99546,480.0,900.0,16.98,49.892,480.0,900.0,16.98
137667,107.432,111.463,1000.0,43.16741,18.52947,480.0,900.0,22.48,175.544,480.0,900.0,22.48
921194,100.203,102.619,1000.0,43.82127212,17.00257824,481.0,961.0,7.77,1.0878,481.0,961.0,7.77
1047,41.115,45.056,1000.0,43.19804455,17.54583621,480.0,840.0,20.0,74.96,480.0,840.0,20.0
922863,21.701,25.091,1000.0,43.33881,17.81903,481.0,961.0,10.0,12.073,481.0,961.0,10.0
923590,20.522,21.824,1000.0,43.34687,17.79848,481.0,961.0,70.78,691.325,481.0,961.0,70.78
921090,125.783,131.131,1000.0,44.05513347672377,17.450002166687323,481.0,961.0,10.35,27.261,481.0,961.0,10.35
15328,20.812,22.165,1000.0,43.34914,17.79765,480.0,840.0,10.8,17.39808,480.0,840.0,10.8
131281,97.08,100.056,1000.0,43.80397,16.99452,481.0,961.0,16.46,84.887,481.0,961.0,16.46
135850,116.68,133.496,1000.0,42.70181,18.34876,481.0,961.0,15.0,15.669,481.0,961.0,15.0
131251,32.876,38.346,1000.0,43.18714077,17.67758632,480.0,900.0,16.49,73.811,480.0,900.0,16.49
920118,28.032,35.739,1000.0,43.22891928,17.6998378,480.0,900.0,9.97,12.367,480.0,900.0,9.97
760,31.57,40.612,1000.0,43.37195186,17.31434041,481.0,961.0,23.57,190.583,481.0,961.0,23.57
1439,22.757,25.146,1000.0,43.32738,17.82022,481.0,961.0,13.36,32.076,481.0,961.0,13.36
921824,33.259,34.65,1000.0,43.48384214,17.29862149,481.0,961.0,20.63,180.5,481.0,961.0,20.63
131297,53.509,60.093,1000.0,43.06842,17.666886,481.0,961.0,16.64,76.798,481.0,961.0,16.64
921932,47.037,51.678,1000.0,43.10820519,17.71376174,481.0,961.0,10.07,29.293,481.0,961.0,10.07
1324,24.457,27.071,1000.0,43.31139,17.83113,481.0,961.0,12.53,122.524,481.0,961.0,12.53
593,55.069,57.662,1000.0,43.12445,17.86164,481.0,961.0,14.94,53.556,481.0,961.0,14.94
144514,99.654,102.663,1000.0,43.82164215,17.00832509,481.0,961.0,8.73,12.0603,481.0,961.0,8.73
938,29.704,30.866,1000.0,43.46274,17.33218,481.0,961.0,43.89,481.123,481.0,961.0,43.89
920619,140.549,148.093,1000.0,44.196281433105,17.427760362625,481.0,961.0,12.0,8.486,481.0,961.0,12.0
26,29.805,31.416,1000.0,43.46907801,17.33702249,481.0,961.0,8.73,6.378,481.0,961.0,8.73
135889,28.292,36.223,1000.0,43.22875863,17.69760633,481.0,961.0,8.17,7.522,481.0,961.0,8.17
922137,99.853,102.399,1000.0,43.82281781,16.99424624,481.0,961.0,8.26,0.28665,481.0,961.0,8.26
139984,32.8,36.322,1000.0,43.22274,17.69134,480.0,900.0,17.01,79.221,480.0,900.0,17.01
922888,22.353,22.5,1000.0,43.370072,17.409778,481.0,961.0,11.0,155.180256,481.0,961.0,11.0
138097,21.555,24.992,1000.0,43.33943,17.81424,780.0,900.0,14.47,30.309,780.0,900.0,14.47
137232,22.512,25.058,1000.0,43.32651,17.82499,481.0,961.0,8.08,3.483,481.0,961.0,8.08
921453,115.463,122.606,1000.0,42.875648357754,18.427449200127,481.0,961.0,9.41,8.2908,481.0,961.0,9.41
922961,3.639,4.4,1000.0,43.3799511,17.5731857,481.0,961.0,23.38,988.155,481.0,961.0,23.38
15261,19.774,26.609,1000.0,43.2930298,17.76163602,481.0,961.0,7.86,10.5,481.0,961.0,7.86
923922,125.191,129.976,1000.0,44.053414,17.44371,481.0,961.0,12.12,32.191,481.0,961.0,12.12
1017,125.957,130.922,1000.0,44.05547,17.45164,481.0,961.0,10.6,44.662,481.0,961.0,10.6
134513,57.188,62.403,1000.0,43.048462,17.665945,481.0,961.0,10.66,38.325,481.0,961.0,10.66
920241,118.2,123.893,1000.0,43.94001034,17.58122716,481.0,961.0,8.68,31.92,481.0,961.0,8.68
131762,3.737,4.499,1000.0,43.36655,17.64331,481.0,961.0,15.0,17.227,481.0,961.0,15.0
135372,26.132,29.931,1000.0,43.37121,17.84742,481.0,961.0,9.63,6.685,481.0,961.0,9.63
141898,99.276,101.783,1000.0,43.82382,17.00488,481.0,961.0,11.36,6.07215,481.0,961.0,11.36
133688,34.208,37.895,1000.0,43.43655088,17.85878056,481.0,961.0,8.59,4.342485,481.0,961.0,8.59
138131,99.328,101.948,1000.0,43.8225,16.99941,481.0,961.0,7.93,5.1156,481.0,961.0,7.93
920284,115.738,122.936,1000.0,42.87409,18.42655,481.0,961.0,10.35,5.448,481.0,961.0,10.35
922169,42.639,45.089,1000.0,43.150043,17.603987,481.0,961.0,9.76,30.336,481.0,961.0,9.76
1656,97.069,100.023,1000.0,43.804,16.99476,481.0,961.0,26.9,435.052,481.0,961.0,26.9
137599,125.95,131.087,1000.0,44.05943,17.4496,481.0,961.0,9.4,7.365,481.0,961.0,9.4
1077,98.752,106.073,1000.0,42.91168,17.62751,481.0,961.0,20.11,91.146,481.0,961.0,20.11
15205,19.462,20.867,1000.0,43.33748,17.80009,480.0,840.0,13.0,14.399,480.0,840.0,13.0
920347,1.736,2.97,1000.0,43.3838493,17.59254417,481.0,961.0,16.44,23.96,481.0,961.0,16.44
506,20.145,21.472,1000.0,43.36862789,17.42918857,481.0,961.0,9.6,16.513728,481.0,961.0,9.6
1193,21.147,24.431,1000.0,43.3431,17.77585,481.0,961.0,8.04,2.3562,481.0,961.0,8.04
131249,21.168,22.693,1000.0,43.34937,17.80554,480.0,900.0,8.88,5.213,480.0,900.0,8.88
142832,125.825,130.889,1000.0,44.05261,17.45045,481.0,961.0,8.35,21.0,481.0,961.0,8.35
15200,102.445,105.699,1000.0,43.99059,17.27981,480.0,840.0,15.0,19.046,480.0,840.0,15.0
923275,97.051,105.336,1000.0,42.92855,17.6084,481.0,961.0,12.63,35.9394,481.0,961.0,12.63
1862,56.405,61.6,1000.0,43.0512045,17.67280126,481.0,961.0,8.19,6.426,481.0,961.0,8.19
142115,64.328,66.253,1000.0,43.7088,17.23035,481.0,961.0,7.83,5.46,481.0,961.0,7.83
1118,46.679,51.986,1000.0,43.11155,17.71267,480.0,900.0,9.61,74.042,480.0,900.0,9.61
142598,21.623,23.32,1000.0,43.349088,17.8124599,481.0,961.0,8.59,2.633,481.0,961.0,8.59
1436,20.194,22.748,1000.0,43.34398,17.79799,481.0,961.0,9.38,86.52,481.0,961.0,9.38
140883,126.904,131.769,1000.0,44.03967,17.45419,481.0,961.0,22.39,319.2,481.0,961.0,22.39
139925,58.665,61.534,1000.0,43.25554,18.12072,481.0,961.0,11.37,154.35,481.0,961.0,11.37
141727,65.38,68.013,1000.0,43.71657,17.23185,481.0,961.0,8.22,5.957,481.0,961.0,8.22
922075,45.567,50.182,1000.0,43.11211,17.70017,481.0,961.0,8.76,11.55,481.0,961.0,8.76
131470,30.621,31.999,1000.0,43.47386757,17.32754731,481.0,961.0,10.71,23.106,481.0,961.0,10.71
1487,5.244,6.259,1000.0,43.37776,17.55557,481.0,961.0,9.86,50.748,481.0,961.0,9.86
131752,100.105,103.279,1000.0,43.82307,16.99657,480.0,840.0,37.63,221.359,480.0,840.0,37.63
1934,63.268,65.219,1000.0,43.70177,17.21097,481.0,961.0,8.52,1.008,481.0,961.0,8.52
136707,25.641,27.346,1000.0,43.38879362,17.37056621,481.0,961.0,8.03,1.9215,481.0,961.0,8.03
1080,0.606,1.353,1000.0,43.37812828,17.60419065,481.0,961.0,8.53,12.6,481.0,961.0,8.53
131717,76.549,79.717,1000.0,42.94815,18.09405,481.0,961.0,15.0,28.035,481.0,961.0,15.0
1717,31.454,32.813,1000.0,43.47712,17.31809,481.0,961.0,8.78,54.39,481.0,961.0,8.78
136525,32.357,42.174,1000.0,43.35986235,17.32323462,481.0,961.0,14.97,30.176223,481.0,961.0,14.97
1381,48.183,52.294,1000.0,43.17147785,17.4806478,481.0,961.0,35.0,211.879,481.0,961.0,35.0
921872,21.07,24.123,1000.0,43.34521,17.7901,481.0,961.0,8.4,34.608,481.0,961.0,8.4
15253,21.491,23.683,1000.0,43.35379,17.79422,480.0,840.0,13.63,311.472,480.0,840.0,13.63
1651,65.249,67.617,1000.0,43.71229,17.23658,480.0,900.0,26.37,263.021,480.0,900.0,26.37
923170,96.836,104.852,1000.0,42.927226,17.6109361,481.0,961.0,9.89,37.145,481.0,961.0,9.89
145094,49.975,54.956,1000.0,43.11971,17.74075,481.0,961.0,13.2,46.70295,481.0,961.0,13.2
1281,22.301,25.476,1000.0,43.34294,17.81407,481.0,961.0,12.27,15.766443,481.0,961.0,12.27
136174,30.162,33.66,1000.0,43.20729,17.66857,480.0,900.0,12.27,22.518,480.0,900.0,12.27
144653,27.749,30.173,1000.0,43.28187,17.83479,480.0,840.0,15.0,17.421,480.0,840.0,15.0
136885,28.385,36.157,1000.0,43.22722642,17.70582462,481.0,961.0,10.15,13.0,481.0,961.0,10.15
1079,0.194,0.539,1000.0,43.3742,17.60264,481.0,961.0,10.0,18.9,481.0,961.0,10.0
923413,24.376,26.719,1000.0,43.311751,17.830779,481.0,961.0,11.96,28.5256125,481.0,961.0,11.96
1540,15.121,16.06,1000.0,43.35065711,17.48231107,481.0,961.0,8.11,3.5511,481.0,961.0,8.11
1089,23.933,25.52,1000.0,43.34349087,17.42895657,481.0,961.0,12.55,44.3811165,481.0,961.0,12.55
219,37.659,41.25,1000.0,43.19973391,17.57997536,481.0,961.0,15.0,4.375,481.0,961.0,15.0
15208,20.822,22.11,1000.0,43.3503,17.80166,480.0,840.0,43.42,510.983,480.0,840.0,43.42
132470,5.941,7.469,1000.0,43.3614283,17.57430169,481.0,961.0,10.0,23.1,481.0,961.0,10.0
140062,74.248,89.65,1000.0,43.61551,16.99988,481.0,961.0,11.35,21.488,481.0,961.0,11.35
139661,21.331,23.32,1000.0,43.34959,17.80376,480.0,900.0,8.14,20.412,480.0,900.0,8.14
921437,133.184,140.613,1000.0,44.14417899,17.3959625,480.0,840.0,22.0,68.962,480.0,840.0,22.0
920208,116.686,123.717,1000.0,42.86648,18.41876,481.0,961.0,9.58,14.679168,481.0,961.0,9.58
923951,65.41,67.309,1000.0,43.71415,17.23876,481.0,961.0,7.79,0.932,481.0,961.0,7.79
15221,65.466,68.288,1000.0,43.71695937,17.23264032,481.0,961.0,9.12,20.065626,481.0,961.0,9.12
142542,33.702,37.543,1000.0,43.18853,17.64911,481.0,961.0,8.33,17.304,481.0,961.0,8.33
7959,66.025,67.914,1000.0,43.71882,17.23422,480.0,840.0,18.88,128.678,480.0,840.0,18.88
10703,30.153,31.449,1000.0,43.47250393,17.33253785,481.0,961.0,12.25,15.993054,481.0,961.0,12.25
133658,21.696,24.904,1000.0,43.35028,17.78358,481.0,961.0,10.05,8.387568,481.0,961.0,10.05
923124,21.067,22.726,1000.0,43.351954,17.802762,481.0,961.0,8.57,43.26,481.0,961.0,8.57
142177,57.17,60.401,1000.0,43.08159,17.96176,481.0,961.0,8.64,43.26,481.0,961.0,8.64
15027,46.242,50.886,1000.0,43.11036,17.70165,480.0,900.0,10.48,12.978,480.0,900.0,10.48
15209,31.638,35.629,1000.0,43.19572942,17.67561221,480.0,840.0,20.31,133.882,480.0,840.0,20.31
2038,30.608,32.032,1000.0,43.4744,17.32819,481.0,961.0,13.63,311.472,481.0,961.0,13.63
7634,24.712,30.305,1000.0,43.3059,17.82088,480.0,840.0,39.94,477.668,480.0,840.0,39.94
920105,81.498,84.469,1000.0,43.83979,17.17697,481.0,961.0,8.47,11.669,481.0,961.0,8.47
921561,38.609,40.942,1000.0,43.207012,17.794347,481.0,961.0,8.91,6.841,481.0,961.0,8.91
141516,32.838,38.368,1000.0,43.190612,17.686242,481.0,961.0,7.75,0.0,481.0,961.0,7.75
144284,60.801,64.889,1000.0,43.24393,18.13937,481.0,961.0,9.43,12.636,481.0,961.0,9.43
141548,48.246,53.097,1000.0,43.08996,17.69774,481.0,961.0,9.1,12.92214,481.0,961.0,9.1
922098,65.371,67.254,1000.0,43.71458514,17.23908691,481.0,961.0,8.01,0.315,481.0,961.0,8.01
136150,58.365,55.67,1000.0,43.25605,18.11699,481.0,961.0,12.0,9.5235,481.0,961.0,12.0
921969,5.626,6.677,1000.0,43.37194,17.559,481.0,961.0,8.93,55.125,481.0,961.0,8.93
142995,21.056,23.463,1000.0,43.338239,17.810566,481.0,961.0,9.89,36.854,481.0,961.0,9.89
136347,67.659,72.314,1000.0,43.65997622,17.76313835,481.0,961.0,16.5,159.733,481.0,961.0,16.5
133893,65.13,67.529,1000.0,43.71374,17.23062,481.0,961.0,9.03,37.8,481.0,961.0,9.03
1518,31.049,32.406,1000.0,43.47582956,17.32276225,481.0,961.0,10.39,20.27739,481.0,961.0,10.39
137601,126.967,132.561,1000.0,44.07059,17.44892,481.0,961.0,9.22,12.937785,481.0,961.0,9.22
136510,54.857,57.574,1000.0,43.12315,17.86405,481.0,961.0,9.9,11.88159,481.0,961.0,9.9
922957,0.541,1.342,1000.0,43.37312,17.60525,481.0,961.0,7.79,1.782,481.0,961.0,7.79
131248,30.644,34.254,1000.0,43.40848,17.87487,480.0,900.0,20.74,185.692,480.0,900.0,20.74
145190,101.557,104.775,1000.0,43.9845416,17.27298181,481.0,961.0,11.13,31.3,481.0,961.0,11.13
133395,50.028,54.714,1000.0,43.08457827,17.71831298,481.0,961.0,8.64,23.94,481.0,961.0,8.64
921302,21.314,23.122,1000.0,43.35266,17.80444,480.0,900.0,53.03,582.802,480.0,900.0,53.03
1657,99.856,102.399,1000.0,43.82317,16.99404,481.0,961.0,29.16,422.684,481.0,961.0,29.16
131337,65.945,68.387,1000.0,43.72212,17.22354,480.0,900.0,11.98,21.1785,480.0,900.0,11.98
134004,57.12,60.434,1000.0,43.08566,17.95966,481.0,961.0,15.03,33.9842475,481.0,961.0,15.03
920697,39.115,42.735,1000.0,43.193666,17.5677448,480.0,840.0,13.47,82.518,480.0,840.0,13.47
144631,63.246,65.241,1000.0,43.70199188472289,17.21091497558703,481.0,961.0,8.13,4.3092,481.0,961.0,8.13
15323,44.886,46.508,1000.0,43.57045516,17.2857266,481.0,961.0,8.1,3.213,481.0,961.0,8.1
141004,11.284,12.155,1000.0,43.39097,17.48361,481.0,961.0,8.03,2.982,481.0,961.0,8.03
143637,56.849,59.697,1000.0,43.08289,17.95831,481.0,961.0,10.96,103.45125,481.0,961.0,10.96
884,21.3,22.605,1000.0,43.34807,17.80836,481.0,961.0,9.27,1.1109,481.0,961.0,9.27
138336,46.455,51.172,1000.0,43.10545702,17.69812131,481.0,961.0,8.71,5.991888,481.0,961.0,8.71
138540,28.136,34.683,1000.0,43.25776,17.6799,481.0,961.0,11.15,14.377629,481.0,961.0,11.15
136404,65.774,68.167,1000.0,43.72081319,17.22471171,481.0,961.0,12.66,84.347,481.0,961.0,12.66
144439,30.876,32.472,1000.0,43.47489534988965,17.328891951474695,481.0,961.0,9.08,78.75,481.0,961.0,9.08
133703,33.597,37.268,1000.0,43.43229706,17.86367291,481.0,961.0,8.66,6.872733,481.0,961.0,8.66
15252,31.081,33.528,1000.0,43.25176,17.83719,480.0,840.0,14.91,33.1632,480.0,840.0,14.91
138095,32.967,37.103,1000.0,43.25759807,17.89494479,480.0,900.0,20.0,34.645,480.0,900.0,20.0
131243,0.745,1.562,1000.0,43.37883011,17.60266715,480.0,900.0,22.0,81.505,480.0,900.0,22.0
7522,21.095,22.792,1000.0,43.3515,17.80095,480.0,840.0,14.5,90.796,480.0,840.0,14.5
922656,99.519,102.102,1000.0,43.8238559,17.0002729,481.0,961.0,10.04,1.87845,481.0,961.0,10.04
145259,22.451,25.806,1000.0,43.34425513,17.8136708,481.0,961.0,8.37,15.044,481.0,961.0,8.37
138096,21.308,24.453,1000.0,43.33069,17.81663,480.0,900.0,11.15,18.803,480.0,900.0,11.15
921042,65.097,67.276,1000.0,43.71562,17.22894,481.0,961.0,9.42,26.295192,481.0,961.0,9.42
135887,21.776,23.056,1000.0,43.34289,17.80943,481.0,961.0,8.14,7.3899,481.0,961.0,8.14
974,43.806,46.134,1000.0,43.54227023,17.40419441,481.0,961.0,8.87,5.332026,481.0,961.0,8.87
138650,34.105,35.981,1000.0,43.47312,17.29732,481.0,961.0,8.08,17.304,481.0,961.0,8.08
131334,65.736,68.112,1000.0,43.71959,17.22727,480.0,900.0,11.16,36.1935,480.0,900.0,11.16
359,10.953,12.518,1000.0,43.33684662,17.56057256,481.0,961.0,8.35,3.259452,481.0,961.0,8.35
871,45.79,50.6,1000.0,43.1135752,17.7051397,481.0,961.0,13.39,38.713668,481.0,961.0,13.39
922121,21.542,23.782,1000.0,43.35466,17.79733,481.0,961.0,8.08,17.304,481.0,961.0,8.08
145160,4.456,5.225,1000.0,43.37824092,17.56334723,481.0,961.0,10.18,17.22042,481.0,961.0,10.18
920532,128.081,134.123,1000.0,44.08039739,17.44696406,480.0,840.0,10.24,17.021,480.0,840.0,10.24
138093,22.406,24.827,1000.0,43.32767302,17.82233471,480.0,900.0,15.0,7.929,480.0,900.0,15.0
923845,67.214,71.412,1000.0,43.658726,17.762443,481.0,961.0,12.95,26.760342,481.0,961.0,12.95
921231,56.997,60.016,1000.0,43.0824,17.95968,481.0,961.0,8.27,14.09205,481.0,961.0,8.27
135890,28.178,35.937,1000.0,43.22796126,17.69842172,481.0,961.0,11.38,12.025,481.0,961.0,11.38
135439,115.996,123.948,1000.0,42.87255,18.43057,481.0,961.0,11.69,54.676,481.0,961.0,11.69
138929,127.066,132.715,1000.0,44.07124,17.44981,481.0,961.0,8.48,32.123,481.0,961.0,8.48
922045,95.014,102.311,1000.0,42.92513,17.622468333333,481.0,961.0,21.21,106.034,481.0,961.0,21.21
743,25.632,28.677,1000.0,43.24246863,17.65760923,480.0,840.0,8.24,13.608,480.0,840.0,8.24
138579,20.896,22.407,1000.0,43.36692,17.42341,481.0,961.0,8.8,42.42,481.0,961.0,8.8
15204,21.234,22.462,1000.0,43.34455,17.80581,480.0,840.0,7.79,2.268,480.0,840.0,7.79
923033,3.416,5.434,1000.0,43.388833,17.583623,481.0,961.0,8.89,38.509,481.0,961.0,8.89
1564,22.566,25.454,1000.0,43.35497,17.81335,481.0,961.0,11.91,14.877,481.0,961.0,11.91
138643,125.205,130.031,1000.0,44.05306,17.44433,481.0,961.0,9.84,90.93,481.0,961.0,9.84
923838,65.245,67.54,1000.0,43.715532,17.228116,481.0,961.0,8.56,9.0006,481.0,961.0,8.56
285,100.556,102.982,1000.0,43.83042464,16.9932639,481.0,961.0,12.34,95.577384,481.0,961.0,12.34
921301,21.254,21.01,1000.0,43.35442352,17.80005933,480.0,900.0,31.0,64.564,480.0,900.0,31.0
118,115.911,133.441,1000.0,42.71806,18.3462,481.0,961.0,15.0,20.454,481.0,961.0,15.0
140805,21.406,23.012,1000.0,43.34902,17.80454,481.0,961.0,10.77,139.02,481.0,961.0,10.77
922773,22.935,25.96,1000.0,43.346327,17.817195,481.0,961.0,18.0,19.456,481.0,961.0,18.0
134087,66.669,70.851,1000.0,43.65449616,17.75906139,481.0,961.0,7.86,2.10987,481.0,961.0,7.86
7741,0.835,1.705,1000.0,43.37306,17.60902,481.0,961.0,11.06,181.125,481.0,961.0,11.06
922995,98.168,107.767,1000.0,42.918835,17.623683,481.0,961.0,11.13,17.975,481.0,961.0,11.13
7525,1.997,3.421,1000.0,43.38201,17.59221,480.0,840.0,19.49,112.864,480.0,840.0,19.49
921372,24.132,26.576,1000.0,43.313928333333,17.829861666666,480.0,840.0,10.57,31.007,480.0,840.0,10.57
10813,30.055,33.528,1000.0,43.20796107,17.66911054,481.0,961.0,14.7,47.152,481.0,961.0,14.7
131466,20.996,20.46,1000.0,43.36742443,17.42228323,481.0,961.0,11.5,6.107,481.0,961.0,11.5
1664,99.784,102.542,1000.0,43.82746,17.00381,481.0,961.0,9.59,1.90449,481.0,961.0,9.59
1534,21.36,23.133,1000.0,43.35282,17.79307,481.0,961.0,19.83,54.895,481.0,961.0,19.83
144414,20.252,22.055,1000.0,43.34346771204024,17.80360758304596,481.0,961.0,8.26,21.0,481.0,961.0,8.26
140150,44.278,46.618,1000.0,43.5422,17.41008,481.0,961.0,22.83,69.078,481.0,961.0,22.83
142677,32.211,36.52,1000.0,43.26047,17.88067,481.0,961.0,26.0,52.404,481.0,961.0,26.0
1418,21.578,23.188,1000.0,43.35185,17.80429,481.0,961.0,10.0,30.114,481.0,961.0,10.0
138087,31.173,34.815,1000.0,43.41305,17.87588,480.0,900.0,19.94,64.318,480.0,900.0,19.94
920300,46.201,50.831,1000.0,43.11001558,17.70152194,480.0,840.0,11.68,47.492,480.0,840.0,11.68
136677,97.844,107.052,1000.0,42.92911629,17.60121876,481.0,961.0,8.54,3.8178,481.0,961.0,8.54
131244,1.17,2.343,1000.0,43.37845,17.59686,480.0,900.0,13.0,17.743,480.0,900.0,13.0
920359,115.905,132.495,1000.0,42.71111,18.35247,481.0,961.0,11.69,22.289,481.0,961.0,11.69
920704,63.229,65.142,1000.0,43.7021563,17.21088516,481.0,961.0,12.5,37.1528955,481.0,961.0,12.5
136088,21.376,22.913,1000.0,43.348935,17.804925,480.0,900.0,28.45,117.155,480.0,900.0,28.45
145171,29.669,30.921,1000.0,43.47044321,17.33773203,481.0,961.0,9.06,2.748,481.0,961.0,9.06
352,20.405,21.428,1000.0,43.37012299,17.42603832,481.0,961.0,16.06,72.697,481.0,961.0,16.06
15210,96.038,103.18,1000.0,42.92648,17.61521,480.0,840.0,22.12,141.176,480.0,840.0,22.12
1938,57.952,60.808,1000.0,43.25739,18.11307,481.0,961.0,10.59,19.227,481.0,961.0,10.59
478,63.689,65.835,1000.0,43.70716,17.2229,481.0,961.0,9.1,16.375,481.0,961.0,9.1
920296,25.17,27.665,1000.0,43.30545,17.83166,480.0,900.0,69.0,629.043,480.0,900.0,69.0
923927,53.395,57.816,1000.0,43.624089,17.308431,481.0,961.0,7.77,1.197,481.0,961.0,7.77
7982,30.891,32.593,1000.0,43.47243497,17.32707524,481.0,961.0,10.78,24.659418,481.0,961.0,10.78
1709,20.965,22.473,1000.0,43.36722164,17.42251926,481.0,961.0,11.33,4.20735,481.0,961.0,11.33
920349,1.37,2.486,1000.0,43.38179994,17.59534712,481.0,961.0,17.86,53.949,481.0,961.0,17.86
144045,1.267,2.376,1000.0,43.38079869747162,17.59564518928528,481.0,961.0,7.9,10.92,481.0,961.0,7.9
924068,127.044,132.968,1000.0,44.070345,17.446652,481.0,961.0,12.59,50.11,481.0,961.0,12.59
137633,24.156,24.23,1000.0,43.31375817,17.83000179,481.0,961.0,12.0,2.515,481.0,961.0,12.0
140975,21.82,23.43,1000.0,43.37182,17.41506,480.0,720.0,7.91,8.652,480.0,720.0,7.91
923322,20.977,23.738,1000.0,43.33346,17.81523,481.0,961.0,8.12,3.219,481.0,961.0,8.12
143115,30.957,33.022,1000.0,43.46942,17.32524,480.0,840.0,16.44,81.665,480.0,840.0,16.44
140048,30.368,33.913,1000.0,43.20853,17.67161,481.0,961.0,9.88,76.44,481.0,961.0,9.88
156,41.211,45.276,1000.0,43.1982479,17.54493499,481.0,961.0,15.0,16.408,481.0,961.0,15.0
921336,21.244,23.122,1000.0,43.35442352,17.80005933,480.0,840.0,16.48,56.486,480.0,840.0,16.48
145229,0.847,1.881,1000.0,43.37916,17.60656,481.0,961.0,9.73,45.8472,481.0,961.0,9.73
144680,47.51,49.445,1000.0,43.586910367012,17.298542261123,481.0,961.0,11.92,33.29655,481.0,961.0,11.92
138116,64.203,66.088,1000.0,43.70766,17.23005,481.0,961.0,8.07,2.32,481.0,961.0,8.07
920120,125.828,131.571,1000.0,44.05408739,17.43662959,480.0,900.0,46.41,652.728,480.0,900.0,46.41
920712,19.34,20.339,1000.0,43.33832,17.79684,481.0,961.0,8.04,0.97776,481.0,961.0,8.04
1199,21.286,23.177,1000.0,43.3547,17.79994,481.0,961.0,7.92,11.55,481.0,961.0,7.92
1186,21.64,25.388,1000.0,43.35179,17.78064,481.0,961.0,15.82,75.826,481.0,961.0,15.82
15030,30.466,32.087,1000.0,43.47037,17.33143,480.0,900.0,9.68,9.16755,480.0,900.0,9.68
131768,20.81,22.429,1000.0,43.34568,17.80545,481.0,961.0,8.02,15.75,481.0,961.0,8.02
137380,125.801,130.779,1000.0,44.06022889,17.44697028,481.0,961.0,7.85,2.693,481.0,961.0,7.85
738,50.717,55.759,1000.0,43.07658527,17.71537328,480.0,840.0,12.21,54.601,480.0,840.0,12.21
131242,19.758,26.565,1000.0,43.29281,17.76174,480.0,900.0,11.2,19.18098,480.0,900.0,11.2
139542,65.532,67.518,1000.0,43.71295,17.23745,481.0,961.0,9.6,56.871,481.0,961.0,9.6
7528,32.806,36.322,1000.0,43.22277,17.69146,480.0,900.0,124.8,4263.998,480.0,900.0,124.8
144561,46.59,52.096,1000.0,43.10746,17.70177,480.0,900.0,22.54,121.641,480.0,900.0,22.54
138841,116.575,124.256,1000.0,42.87185,18.43088,481.0,961.0,8.97,87.78,481.0,961.0,8.97
131335,54.793,56.65,1000.0,43.64127,17.23204,480.0,900.0,15.69,48.465207,480.0,900.0,15.69
1747,5.216,5.995,1000.0,43.37811,17.55402,481.0,961.0,8.8,11.092746,481.0,961.0,8.8
143063,32.134,41.888,1000.0,43.36068,17.32345,481.0,961.0,9.3,47.25,481.0,961.0,9.3
138766,115.73,132.11,1000.0,42.71031,18.35066,481.0,961.0,11.96,11.545,481.0,961.0,11.96
142710,2.796,3.773,1000.0,43.37947,17.58648,481.0,961.0,9.81,84.84,481.0,961.0,9.81
922387,20.25,22.055,1000.0,43.34108,17.805871,481.0,961.0,9.22,46.218,481.0,961.0,9.22
145240,45.003,47.487,1000.0,43.1568758,17.91103418,481.0,961.0,8.66,43.953,481.0,961.0,8.66
133291,20.603,22.836,1000.0,43.33916,17.80854,480.0,840.0,14.21,46.989,480.0,840.0,14.21
136504,22.186,25.157,1000.0,43.36129334,17.80366115,481.0,961.0,8.87,4.888317,481.0,961.0,8.87
923817,31.305,33.088,1000.0,43.413612,17.310452,481.0,961.0,9.05,2.26485,481.0,961.0,9.05
1065,98.314,105.501,1000.0,42.91402,17.62646,481.0,961.0,34.26,229.406,481.0,961.0,34.26
137635,24.165,26.686,1000.0,43.31353178,17.82928296,481.0,961.0,10.08,22.774,481.0,961.0,10.08
921276,20.99,22.561,1000.0,43.35147,17.79922,481.0,961.0,8.61,18.568914,481.0,961.0,8.61
131280,99.473,102.069,1000.0,43.82438,17.00608,481.0,961.0,9.86,9.551661,481.0,961.0,9.86
923863,132.334,139.535,1000.0,44.139929,17.39226,481.0,961.0,45.0,303.907,481.0,961.0,45.0
882,20.838,22.22,1000.0,43.35007,17.79767,481.0,961.0,8.51,0.21525,481.0,961.0,8.51
139459,94.918,102.047,1000.0,42.92503,17.62314,481.0,961.0,12.58,169.68,481.0,961.0,12.58
1665,65.327,67.859,1000.0,43.71608,17.23162,481.0,961.0,8.8,2.872,481.0,961.0,8.8
742,28.324,36.19,1000.0,43.22780491,17.69687677,480.0,840.0,22.34,238.972,480.0,840.0,22.34
142687,99.35,101.992,1000.0,43.8232,17.00582,480.0,840.0,12.16,38.910816,480.0,840.0,12.16
526,102.449,105.71,1000.0,43.99062151,17.2798356,481.0,961.0,15.0,21.861,481.0,961.0,15.0
606,34.48,35.992,1000.0,43.48842525,17.28596234,481.0,961.0,9.24,67.578,481.0,961.0,9.24
144835,51.041,58.289,1000.0,43.1358,17.82766,481.0,961.0,9.78,12.93831,481.0,961.0,9.78
920365,67.484,71.698,1000.0,43.66067736,17.76222312,481.0,961.0,13.69,10.00335,481.0,961.0,13.69
15362,97.191,105.622,1000.0,42.92051,17.61339,481.0,961.0,8.94,66.213,481.0,961.0,8.94
1973,58.405,61.281,1000.0,43.25596499,18.11753595,481.0,961.0,16.26,63.905,481.0,961.0,16.26
138088,21.913,25.872,1000.0,43.34181,17.81323,780.0,900.0,18.9,63.451,780.0,900.0,18.9
131459,20.379,21.505,1000.0,43.34648,17.79849,481.0,961.0,13.41,7.7112,481.0,961.0,13.41
139545,66.281,68.915,1000.0,43.72417,17.22388,481.0,961.0,9.9,6.67065,481.0,961.0,9.9
144000,4.748,6.941,1000.0,43.39652565,17.5696173,481.0,961.0,8.93,42.84,481.0,961.0,8.93
1071,95.956,103.103,1000.0,42.92687,17.61432,481.0,961.0,56.67,580.018,481.0,961.0,56.67
136139,82.032,84.997,1000.0,43.84171,17.17332,481.0,961.0,7.87,5.439,481.0,961.0,7.87
138622,20.666,22.132,1000.0,43.34756,17.79552,481.0,961.0,7.92,10.5,481.0,961.0,7.92
138089,21.731,22.957,1000.0,43.34414,17.80873,480.0,900.0,16.88,40.895,480.0,900.0,16.88
598,107.917,112.31,1000.0,43.16733,18.53412,481.0,961.0,14.66,25.53705,481.0,961.0,14.66
136201,114.653,130.691,1000.0,42.71305,18.33933,481.0,961.0,20.0,392.591,481.0,961.0,20.0
494,35.202,38.412,1000.0,43.31416565,17.38825136,481.0,961.0,9.98,14.960568,481.0,961.0,9.98
132462,22.296,24.948,1000.0,43.32605,17.82229,480.0,840.0,8.93,6.474,480.0,840.0,8.93
923132,32.794,34.419,1000.0,43.41633743,17.29287154,481.0,961.0,11.28,22.8682125,481.0,961.0,11.28
139129,115.302,122.199,1000.0,42.88076,18.42669,481.0,961.0,11.0,22.918791,481.0,961.0,11.0
27,21.432,23.298,1000.0,43.35324,17.79377,481.0,961.0,10.2,129.78,481.0,961.0,10.2
133537,20.113,21.12,1000.0,43.36989137,17.4294246,481.0,961.0,9.13,14.31927,481.0,961.0,9.13
133682,23.848,29.106,1000.0,43.30804,17.82271,481.0,961.0,7.77,0.636,481.0,961.0,7.77
532,54.364,57.167,1000.0,43.08709,17.93107,481.0,961.0,19.16,425.395,481.0,961.0,19.16
499,128.084,132.957,1000.0,44.07279459,17.44759255,481.0,961.0,8.61,8.87796,481.0,961.0,8.61
921224,21.803,23.639,1000.0,43.34888233,17.78906488,481.0,961.0,8.94,9.35697,481.0,961.0,8.94
1084,3.549,5.368,1000.0,43.39383,17.57821,481.0,961.0,8.11,2.767,481.0,961.0,8.11
137381,65.34,67.892,1000.0,43.71619,17.2317,480.0,900.0,15.27,32.848,480.0,900.0,15.27
10564,128.512,134.761,1000.0,44.08412,17.44531,481.0,961.0,9.28,8.452,481.0,961.0,9.28
1774,116.943,134.662,1000.0,42.72212,18.35383,481.0,961.0,12.41,38.296,481.0,961.0,12.41
136498,28.698,31.218,1000.0,43.27371,17.83456,481.0,961.0,15.0,10.185,481.0,961.0,15.0
204,66.171,69.069,1000.0,43.71837,17.21969,481.0,961.0,8.79,16.868,481.0,961.0,8.79
137637,66.673,70.895,1000.0,43.65430986,17.75944763,481.0,961.0,10.55,15.51,481.0,961.0,10.55
139187,30.23,32.186,1000.0,43.46798,17.33015,481.0,961.0,13.26,11.4282,481.0,961.0,13.26
137176,126.138,131.472,1000.0,44.04974258,17.45038205,481.0,961.0,8.28,1.53006,481.0,961.0,8.28
142817,21.337,22.781,1000.0,43.34895,17.80541,481.0,961.0,8.38,10.742,481.0,961.0,8.38
921968,114.633,121.902,1000.0,42.88264811038971,18.427269458770752,481.0,961.0,9.15,42.9555,481.0,961.0,9.15
141650,116.572,124.256,1000.0,42.87176,18.43113,481.0,961.0,9.17,45.0555,481.0,961.0,9.17
1387,28.786,30.074,1000.0,43.4646396,17.34455414,481.0,961.0,15.69,14.9170665,481.0,961.0,15.69
1782,54.549,57.354,1000.0,43.08611841,17.93294632,481.0,961.0,8.71,5.9094,481.0,961.0,8.71
923142,24.327,46.266,1000.0,43.429906,17.7661,481.0,961.0,9.45,16.904937,481.0,961.0,9.45
921675,21.584,23.232,1000.0,43.34816,17.813051666666,480.0,840.0,15.69,37.788,480.0,840.0,15.69
142634,20.367,22.308,1000.0,43.34059,17.80684,481.0,961.0,8.46,22.281,481.0,961.0,8.46
1425,18.38,19.36,1000.0,43.33841,17.79242,481.0,961.0,8.24,25.956,481.0,961.0,8.24
920233,96.05,103.202,1000.0,42.926395,17.615305,481.0,961.0,11.54,220.815,481.0,961.0,11.54
10706,44.483,48.235,1000.0,43.18099187,17.51800561,481.0,961.0,11.81,27.195,481.0,961.0,11.81
922636,29.251,32.857,1000.0,43.396088,17.871369,481.0,961.0,10.49,24.46,481.0,961.0,10.49
1356,15.534,16.478,1000.0,43.35237344,17.47782641,481.0,961.0,7.92,11.55,481.0,961.0,7.92
1346,8.231,9.064,1000.0,43.35162,17.68789,481.0,961.0,9.87,35.991,481.0,961.0,9.87
131241,5.463,6.248,1000.0,43.36667957,17.66390735,480.0,900.0,8.09,23.1,480.0,900.0,8.09
586,59.76,62.645,1000.0,43.25657,18.13378,481.0,961.0,17.88,190.685,481.0,961.0,17.88
923209,133.203,140.635,1000.0,44.146172,17.39155,481.0,961.0,7.95,11.036,481.0,961.0,7.95
138315,20.432,21.78,1000.0,43.34449,17.80252,481.0,961.0,10.8,2.059,481.0,961.0,10.8
144279,5.288,6.105,1000.0,43.37814726,17.55343816,481.0,961.0,10.0,12.5,481.0,961.0,10.0
142015,30.556,34.133,1000.0,43.20407,17.66806,481.0,961.0,8.08,17.304,481.0,961.0,8.08
920420,95.311,102.476,1000.0,42.926151666666,17.619326666666,481.0,961.0,12.31,172.83,481.0,961.0,12.31
922202,20.398,21.417,1000.0,43.343041,17.798946,481.0,961.0,8.57,43.26,481.0,961.0,8.57
921127,57.008,60.038,1000.0,43.08222786,17.96003741,480.0,840.0,11.99,18.939,480.0,840.0,11.99
138253,18.844,21.197,1000.0,43.27848,17.60089,481.0,961.0,8.38,24.675,481.0,961.0,8.38
547,101.959,105.182,1000.0,43.98758,17.2757,481.0,961.0,25.0,120.805,481.0,961.0,25.0
957,127.326,120.92,1000.0,44.07382749,17.44840794,481.0,961.0,14.0,56.385,481.0,961.0,14.0
1619,58.73,61.699,1000.0,43.25385,18.1194,481.0,961.0,11.46,52.609,481.0,961.0,11.46
136836,30.126,32.043,1000.0,43.46991226,17.3333838,481.0,961.0,9.19,6.859629,481.0,961.0,9.19
922033,25.217,27.819,1000.0,43.30448,17.83164,480.0,840.0,35.0,155.001,480.0,840.0,35.0
775,20.929,21.4,1000.0,43.33812,17.81055,481.0,961.0,16.0,3.346,481.0,961.0,16.0
1408,21.388,23.408,1000.0,43.35459,17.79902,480.0,900.0,11.08,109.573,480.0,900.0,11.08
883,20.778,21.802,1000.0,43.34788,17.80341,481.0,961.0,8.81,2.352,481.0,961.0,8.81
1007,125.827,130.68,1000.0,44.05671,17.44928,481.0,961.0,8.05,3.372,481.0,961.0,8.05
923183,41.682,45.716,1000.0,43.1927583,17.5401808,481.0,961.0,20.0,59.235,481.0,961.0,20.0
144593,95.007,102.289,1000.0,42.9251037,17.62225333,480.0,900.0,29.66,195.772,480.0,900.0,29.66
922170,52.016,51.689,1000.0,43.15869157,17.63928627,481.0,961.0,8.04,0.978,481.0,961.0,8.04
326,30.599,34.309,1000.0,43.40788,17.87478,481.0,961.0,15.28,40.025685,481.0,961.0,15.28
921745,132.774,140.184,1000.0,44.14353912,17.39380057,480.0,840.0,25.0,136.624,480.0,840.0,25.0
15206,19.637,21.318,1000.0,43.33583,17.80148,480.0,840.0,15.99,48.938,480.0,840.0,15.99
133290,20.956,22.484,1000.0,43.35112,17.79835,480.0,840.0,12.84,39.409,480.0,840.0,12.84
922810,45.622,50.347,1000.0,43.112536,17.699729,481.0,961.0,10.16,17.92434,481.0,961.0,10.16
7585,115.546,123.398,1000.0,42.8798,18.43202,481.0,961.0,9.91,57.105804,481.0,961.0,9.91
1048,38.698,40.48,1000.0,43.23378182,17.48850024,480.0,840.0,35.0,133.112,480.0,840.0,35.0
922910,58.224,61.391,1000.0,43.0791928,17.9500538,481.0,961.0,21.27,110.562,481.0,961.0,21.27
923709,30.921,32.659,1000.0,43.472595,17.326775,481.0,961.0,7.82,3.22812,481.0,961.0,7.82
969,32.35,37.213,1000.0,43.1916308,17.67788673,481.0,961.0,12.44,13.192389,481.0,961.0,12.44
137670,53.08,57.926,1000.0,43.05872263,17.7067473,481.0,961.0,11.94,28.4072145,481.0,961.0,11.94
15028,21.545,20.96,1000.0,43.37047,17.41708,480.0,900.0,11.0,1.121,480.0,900.0,11.0
922111,21.456,22.484,1000.0,43.344435,17.807686666666,481.0,961.0,11.5,27.988,481.0,961.0,11.5
1886,28.924,36.806,1000.0,43.22527202,17.71125341,481.0,961.0,8.7,6.489,481.0,961.0,8.7
143559,65.386,67.65,1000.0,43.71763,17.22673,481.0,961.0,13.07,25.24725,481.0,961.0,13.07
142179,47.208,51.843,1000.0,43.10786,17.71438,481.0,961.0,8.77,15.301,481.0,961.0,8.77
922557,21.012,23.804,1000.0,43.333182,17.8154,481.0,961.0,8.86,34.322,481.0,961.0,8.86
133685,16.499,17.457,1000.0,43.33623,17.77225,481.0,961.0,8.42,6.321,481.0,961.0,8.42
920456,23.853,29.106,1000.0,43.30797023,17.82298285,481.0,961.0,7.78,1.5498,481.0,961.0,7.78
141028,31.986,35.497,1000.0,43.2072,17.64629,480.0,900.0,9.65,64.26,480.0,900.0,9.65
387,58.585,61.237,1000.0,43.2584888,18.11349922,481.0,961.0,11.14,21.857304,481.0,961.0,11.14
15203,46.318,51.216,1000.0,43.11035251,17.70323897,480.0,840.0,23.09,122.772,480.0,840.0,23.09
131468,30.82,34.386,1000.0,43.20168914,17.66975427,481.0,961.0,9.12,16.59,481.0,961.0,9.12
1243,22.349,25.806,1000.0,43.32111,17.81938,481.0,961.0,19.49,69.507,481.0,961.0,19.49
138199,20.391,21.406,1000.0,43.34727,17.79989,481.0,961.0,8.13,5.075616,481.0,961.0,8.13
740,28.387,36.278,1000.0,43.22866482,17.69685531,480.0,840.0,18.34,118.287,480.0,840.0,18.34
131474,30.781,34.419,1000.0,43.40957,17.87506,481.0,961.0,8.53,1.7136,481.0,961.0,8.53
131271,126.498,131.362,1000.0,44.04291,17.45188,480.0,840.0,20.0,68.377,480.0,840.0,20.0
15202,2.133,3.608,1000.0,43.38594,17.59217,480.0,840.0,12.7,60.229,480.0,840.0,12.7
15020,20.986,22.583,1000.0,43.34942,17.79687,480.0,900.0,20.37,39.124,480.0,900.0,20.37
922087,81.654,84.711,1000.0,43.839192,17.174962,481.0,961.0,7.75,0.0,481.0,961.0,7.75
923930,28.409,36.322,1000.0,43.228851,17.696795,481.0,961.0,8.16,11.284812,481.0,961.0,8.16
15121,24.053,25.685,1000.0,43.34244532,17.42992216,481.0,961.0,8.78,10.97523,481.0,961.0,8.78
1044,41.755,45.584,1000.0,43.1877,17.54378,480.0,840.0,35.0,179.824,480.0,840.0,35.0
922451,30.914,32.34,1000.0,43.475001,17.325417,481.0,961.0,7.94,9.289,481.0,961.0,7.94
136297,11.2,12.177,1000.0,43.39054161,17.48520785,481.0,961.0,7.93,10.08,481.0,961.0,7.93
144321,20.76,22.066,1000.0,43.35043,17.80132,481.0,961.0,7.92,11.55,481.0,961.0,7.92
139822,33.66,32.31,1000.0,43.41941,17.2833,481.0,961.0,10.5,1.85787,481.0,961.0,10.5
921195,93.167,95.601,1000.0,43.77238815,17.00831753,481.0,961.0,8.18,4.84344,481.0,961.0,8.18
1078,0.161,0.429,1000.0,43.37446,17.60252,481.0,961.0,43.39,352.321,481.0,961.0,43.39
1684,19.728,20.735,1000.0,43.34135,17.7989,481.0,961.0,11.95,18.1503,481.0,961.0,11.95
1687,30.894,32.604,1000.0,43.472493,17.327104,481.0,961.0,9.31,3.0219,481.0,961.0,9.31
360,28.664,36.443,1000.0,43.22622578,17.70915055,481.0,961.0,12.79,27.486,481.0,961.0,12.79
138142,65.406,67.309,1000.0,43.71342,17.23878,481.0,961.0,8.29,7.9128,481.0,961.0,8.29
398,29.53,32.384,1000.0,43.26749,17.83281,481.0,961.0,12.41,17.822,481.0,961.0,12.41
131472,21.732,25.388,1000.0,43.34159,17.81442,481.0,961.0,8.78,0.4998,481.0,961.0,8.78
1892,22.457,25.465,1000.0,43.34702534,17.81660819,481.0,961.0,8.96,8.12721,481.0,961.0,8.96
139540,2.057,3.399,1000.0,43.38627,17.59284,481.0,961.0,10.4,6.203,481.0,961.0,10.4
131247,21.49,24.035,1000.0,43.34828,17.79084,480.0,900.0,11.47,11.1824895,480.0,900.0,11.47
7521,30.747,32.098,1000.0,43.47523786,17.32810521,480.0,840.0,9.51,16.6022325,480.0,840.0,9.51
131511,23.67,27.258,1000.0,43.36378,17.82157,480.0,840.0,11.35,30.806,480.0,840.0,11.35
137634,21.749,23.672,1000.0,43.34691846,17.81345256,481.0,961.0,9.31,10.164,481.0,961.0,9.31
131246,4.467,5.357,1000.0,43.37751,17.564424,480.0,900.0,28.61,371.156,480.0,900.0,28.61
131250,23.085,26.587,1000.0,43.32004,17.81924,480.0,900.0,12.23,34.52358,480.0,900.0,12.23
138277,45.842,50.49,1000.0,43.11064,17.699565,481.0,961.0,17.0,4.662,481.0,961.0,17.0
140167,65.882,68.651,1000.0,43.71954,17.22775,481.0,961.0,8.06,21.945,481.0,961.0,8.06
923163,30.163,33.66,1000.0,43.207427,17.668477,481.0,961.0,13.49,99.254,481.0,961.0,13.49
138343,115.497,122.683,1000.0,42.87583,18.42721,481.0,961.0,9.24,15.300054,481.0,961.0,9.24
136683,98.825,106.062,1000.0,42.91088,17.63009,481.0,961.0,11.27,42.126,481.0,961.0,11.27
1760,43.796,48.378,1000.0,43.12116036,17.68610501,481.0,961.0,9.58,14.2758,481.0,961.0,9.58
15308,99.637,102.322,1000.0,43.82444,16.99955,481.0,961.0,8.72,11.172,481.0,961.0,8.72
132580,37.899,41.69,1000.0,43.20028138,17.57759357,481.0,961.0,15.0,5.575,481.0,961.0,15.0
7945,56.641,60.258,1000.0,43.07982,17.94985,480.0,840.0,14.69,74.71,480.0,840.0,14.69
7779,21.49,20.9,1000.0,43.35132,17.80488,481.0,961.0,13.5,1.499,481.0,961.0,13.5
142763,20.347,21.428,1000.0,43.34625,17.80035,481.0,961.0,8.04,0.97776,481.0,961.0,8.04
143271,58.02,61.336,1000.0,43.2577,18.1118,481.0,961.0,16.3,254.1,481.0,961.0,16.3
137662,116.149,123.002,1000.0,42.87354,18.42531,480.0,900.0,24.29,155.464,480.0,900.0,24.29
15250,19.904,21.296,1000.0,43.34129,17.80184,480.0,840.0,16.89,86.076,480.0,840.0,16.89
137663,58.261,61.281,1000.0,43.25821,18.11214,480.0,900.0,21.82,78.991,480.0,900.0,21.82
414,19.483,20.702,1000.0,43.33848,17.79858,481.0,961.0,8.21,8.568,481.0,961.0,8.21
140751,22.432,25.102,1000.0,43.35578,17.81342,481.0,961.0,11.74,65.1,481.0,961.0,11.74
923767,51.699,53.372,1000.0,43.622175,17.258022,481.0,961.0,8.64,52.92,481.0,961.0,8.64
139927,57.826,60.676,1000.0,43.25686,18.11159,481.0,961.0,10.14,118.335,481.0,961.0,10.14
140563,57.504,61.424,1000.0,43.0766,17.94806,481.0,961.0,8.21,32.76,481.0,961.0,8.21
15026,1.788,3.091,1000.0,43.382311,17.592223,480.0,900.0,18.38,51.41,480.0,900.0,18.38
1644,23.64,26.103,1000.0,43.3235,17.83111,481.0,961.0,64.44,582.715,481.0,961.0,64.44
921607,28.02,35.739,1000.0,43.22861,17.70194,481.0,961.0,13.65,48.21,481.0,961.0,13.65
923589,42.856,47.432,1000.0,43.12712827287,17.67978970747,481.0,961.0,13.81,40.221,481.0,961.0,13.81
135717,25.932,29.491,1000.0,43.3726,17.84617,481.0,961.0,8.64,4.725,481.0,961.0,8.64
15076,32.079,33.737,1000.0,43.46470189,17.31043644,481.0,961.0,10.64,25.334,481.0,961.0,10.64
1097,96.838,103.994,1000.0,42.92083,17.61884,481.0,961.0,12.27,29.492484,481.0,961.0,12.27
1353,4.479,5.28,1000.0,43.37804,17.56356,481.0,961.0,14.25,61.329,481.0,961.0,14.25
2091,24.055,29.59,1000.0,43.30622219,17.82287115,481.0,961.0,25.34,520.849,481.0,961.0,25.34
1173,21.67,23.551,1000.0,43.36396136,17.41756254,481.0,961.0,8.98,45.5532,481.0,961.0,8.98
142857,20.892,23.749,1000.0,43.3468,17.7848,481.0,961.0,8.15,15.435,481.0,961.0,8.15
142110,67.229,69.663,1000.0,43.72387,17.22431,481.0,961.0,8.02,0.867,481.0,961.0,8.02
307,32.536,37.598,1000.0,43.19161515,17.68348718,481.0,961.0,13.91,45.175,481.0,961.0,13.91
7896,67.526,71.775,1000.0,43.6609542,17.76228004,480.0,840.0,36.05,308.457,480.0,840.0,36.05
1748,21.913,25.872,1000.0,43.34178,17.81311,481.0,961.0,9.28,1.73985,481.0,961.0,9.28
920629,116.659,133.441,1000.0,42.70068264,18.3479284,481.0,961.0,9.3,18.085,481.0,961.0,9.3
139432,2.949,3.696,1000.0,43.36661,17.63372,481.0,961.0,9.74,118.125,481.0,961.0,9.74
1374,44.584,48.29,1000.0,43.18142998,17.51678252,481.0,961.0,20.0,47.048,481.0,961.0,20.0
15161,99.857,102.399,1000.0,43.82173,16.9971,480.0,840.0,28.7,206.615,480.0,840.0,28.7
7572,20.894,22.396,1000.0,43.367,17.42341,481.0,961.0,9.56,14.367,481.0,961.0,9.56
131820,67.727,72.017,1000.0,43.66258412,17.76279503,480.0,840.0,19.43,62.755,480.0,840.0,19.43
15189,32.623,37.785,1000.0,43.189403,17.679732,481.0,961.0,9.09,5.355,481.0,961.0,9.09
137665,75.873,79.497,1000.0,42.95202,18.08555,480.0,900.0,20.0,43.98,480.0,900.0,20.0
138020,20.229,22.517,1000.0,43.33819,17.80834,481.0,961.0,8.54,30.87,481.0,961.0,8.54
143676,97.069,100.023,1000.0,43.804,16.99476,481.0,961.0,8.41,20.16,481.0,961.0,8.41
136151,115.76,122.826,1000.0,42.87295,18.42446,481.0,961.0,8.91,13.986,481.0,961.0,8.91
139814,32.425,34.045,1000.0,43.41585,17.29739,481.0,961.0,10.13,16.678578,481.0,961.0,10.13
1539,21.152,22.913,1000.0,43.35025,17.8009,481.0,961.0,8.33,2.49942,481.0,961.0,8.33
923762,65.2,67.54,1000.0,43.715555,17.230788,481.0,961.0,9.36,25.716,481.0,961.0,9.36
15249,20.873,22.297,1000.0,43.3505,17.79755,480.0,840.0,8.81,10.3845,480.0,840.0,8.81
921560,21.817,23.452,1000.0,43.37293062,17.41121107,481.0,961.0,10.84,16.937382,481.0,961.0,10.84
139379,30.749,32.131,1000.0,43.47374,17.32633,481.0,961.0,9.41,53.235,481.0,961.0,9.41
920812,24.137,29.865,1000.0,43.306728,17.821438,481.0,961.0,8.32,4.725,481.0,961.0,8.32
920597,33.149,39.127,1000.0,43.18526869,17.67822151,481.0,961.0,8.78,10.269,481.0,961.0,8.78
143907,57.933,55.59,1000.0,43.25737,18.11082,481.0,961.0,20.5,81.299,481.0,961.0,20.5
1405,29.912,31.075,1000.0,43.46364,17.32984,481.0,961.0,20.17,140.589,481.0,961.0,20.17
921733,30.867,32.285,1000.0,43.4733,17.32598,481.0,961.0,8.72,40.590984,481.0,961.0,8.72
1072,96.393,103.609,1000.0,42.92399,17.61613,481.0,961.0,24.6,168.424,481.0,961.0,24.6
920497,31.934,36.322,1000.0,43.19456348,17.67901129,480.0,900.0,13.97,39.747,480.0,900.0,13.97
134143,65.087,67.43,1000.0,43.713521,17.231064,481.0,961.0,31.56,333.805,481.0,961.0,31.56
144817,114.943,131.285,1000.0,42.71105,18.34056,480.0,840.0,12.36,25.739,480.0,840.0,12.36
131460,44.79,49.511,1000.0,43.11702541,17.69645834,480.0,840.0,10.46,10.694187,480.0,840.0,10.46
1480,115.857,132.66,1000.0,42.70812,18.34709,481.0,961.0,20.0,9.014,481.0,961.0,20.0
922265,22.032,24.816,1000.0,43.360384,17.802273,481.0,961.0,8.1,6.342,481.0,961.0,8.1
1016,45.769,50.402,1000.0,43.111171,17.69928539,481.0,961.0,21.57,172.633,481.0,961.0,21.57
7930,47.035,54.208,1000.0,43.1377,17.77995,480.0,840.0,9.34,17.72295,480.0,840.0,9.34
1149,32.631,37.818,1000.0,43.18971973,17.67991856,481.0,961.0,11.96,30.367575,481.0,961.0,11.96
1654,51.925,53.625,1000.0,43.62293339,17.25656563,481.0,961.0,8.88,39.606,481.0,961.0,8.88
138157,47.352,54.527,1000.0,43.135963,17.776839,480.0,900.0,11.36,17.553,480.0,900.0,11.36
15207,20.561,22.704,1000.0,43.33777,17.80771,480.0,840.0,8.82,32.054,480.0,840.0,8.82
1082,2.259,3.663,1000.0,43.387208,17.591035,481.0,961.0,15.0,15.982,481.0,961.0,15.0
139534,37.253,39.006,1000.0,43.24214,17.4751,481.0,961.0,40.0,291.805,481.0,961.0,40.0
15247,20.624,22.044,1000.0,43.34668,17.8017,480.0,840.0,11.75,19.780425,480.0,840.0,11.75
133834,44.422,47.069,1000.0,43.15725,17.90999,481.0,961.0,8.59,17.3922,481.0,961.0,8.59
131267,125.748,118.73,1000.0,44.05592,17.44936,480.0,840.0,27.0,113.739,480.0,840.0,27.0
142135,95.807,102.949,1000.0,42.92786,17.61515,481.0,961.0,8.64,43.26,481.0,961.0,8.64
1667,100.125,102.542,1000.0,43.82068,17.01658,481.0,961.0,13.9,171.884,481.0,961.0,13.9
131532,25.947,28.787,1000.0,43.30208,17.82904,480.0,840.0,8.6,4.2861,480.0,840.0,8.6
144285,59.019,62.469,1000.0,43.2657,18.1172,481.0,961.0,9.4,12.778,481.0,961.0,9.4
137885,21.22,22.726,1000.0,43.36399256,17.42213303,481.0,961.0,8.77,0.93345,481.0,961.0,8.77
922468,67.738,72.182,1000.0,43.66299,17.7623,481.0,961.0,8.27,1.0482675,481.0,961.0,8.27
922526,41.688,45.727,1000.0,43.192894,17.539936,481.0,961.0,15.0,64.043,481.0,961.0,15.0
135499,3.908,5.082,1000.0,43.37543008,17.58881086,481.0,961.0,7.82,3.228,481.0,961.0,7.82
131336,54.394,58.927,1000.0,43.63608,17.30644,480.0,900.0,10.16,15.4917,480.0,900.0,10.16
922513,96.092,103.301,1000.0,42.926086,17.615504,481.0,961.0,10.64,31.945515,481.0,961.0,10.64
1998,46.136,48.499,1000.0,43.54998018,17.42732548,481.0,961.0,8.05,4.826,481.0,961.0,8.05
587,28.349,36.124,1000.0,43.22818015,17.69631887,481.0,961.0,13.15,48.009,481.0,961.0,13.15
921003,21.247,23.133,1000.0,43.3526515,17.79721674,480.0,900.0,11.63,26.85585,480.0,900.0,11.63
141675,1.916,3.201,1000.0,43.381855,17.591581,481.0,961.0,7.75,0.0,481.0,961.0,7.75
139214,3.139,3.894,1000.0,43.38041,17.57933,481.0,961.0,8.58,3.426,481.0,961.0,8.58
921615,108.01,112.299,1000.0,43.165776466813,18.535319786064,481.0,961.0,10.56,3.007,481.0,961.0,10.56
136942,46.191,50.908,1000.0,43.10904,17.70146,481.0,961.0,11.57,25.581234,481.0,961.0,11.57
1648,67.659,72.314,1000.0,43.65997622,17.76313835,481.0,961.0,17.2,122.332,481.0,961.0,17.2
142854,65.996,68.101,1000.0,43.71736,17.23237,481.0,961.0,9.77,20.09448,481.0,961.0,9.77
144810,125.737,130.977,1000.0,44.05482462,17.44957369,480.0,900.0,14.56,34.414,480.0,900.0,14.56
139168,31.964,35.409,1000.0,43.26342,17.87914,481.0,961.0,23.44,175.067,481.0,961.0,23.44
139112,125.57,130.515,1000.0,44.05348,17.44787,480.0,840.0,12.52,83.656,480.0,840.0,12.52
923700,26.632,30.206,1000.0,43.377547,17.851378,481.0,961.0,12.33,11.299407,481.0,961.0,12.33
